period,ai,android,aws,azure,c++,django,docker,fastapi,gcp,go,ios,java,javascript,kubernetes,llm,machine learning,mysql,nextjs,node.js,postgresql,python,pytorch,r,react,redis,ruby,rust,sql,terraform,typescript
2026-01,0.0,0.0,0.0,0.0,0.0,0.0,0.0,0.0,0.0,0.0,0.0,0.0,0.0,0.0,0.0,0.0,0.0,0.0,0.0,0.0,0.0,0.0,0.0,0.0,0.0,0.0,0.0,0.0,0.0,0.0
2026-02,-10.741839762611294,-100.0,8.771929824561408,inf,-100.0,-100.0,16.129032258064502,-100.0,25.30120481927711,2.0289855072463725,-7.246376811594191,15.942028985507273,9.783989834815765,-38.93129770992366,-38.72340425531915,-5.630026809651478,-100.0,-8.808290155440412,-31.914893617021278,82.38341968911918,18.33590138674883,0.0,-51.80722891566265,-10.996119016817596,-35.48387096774193,39.13043478260869,29.361702127659562,4.347826086956519,-3.6144578313252906,13.636363636363647
2026-03,-0.19946808510638014,0.0,5.645161290322576,-100.0,inf,inf,33.33333333333333,inf,-7.692307692307699,-15.625,-17.96875,31.25,-7.0601851851851976,9.375,21.52777777777779,38.92045454545454,0.0,18.75,-23.750000000000004,-5.681818181818188,-13.671875,inf,-100.0,6.540697674418605,52.49999999999999,82.29166666666667,-19.736842105263165,-27.083333333333325,-12.50000000000001,-10.499999999999998
