period,ai,android,aws,azure,c++,django,docker,fastapi,gcp,go,ios,java,javascript,kubernetes,llm,machine learning,mysql,nextjs,node.js,postgresql,python,pytorch,r,react,redis,ruby,rust,sql,tailwind,terraform,typescript
2026-01,0.0,0.0,0.0,0.0,0.0,0.0,0.0,0.0,0.0,0.0,0.0,0.0,0.0,0.0,0.0,0.0,0.0,0.0,0.0,0.0,0.0,0.0,0.0,0.0,0.0,0.0,0.0,0.0,0.0,0.0,0.0
2026-02,-8.425980105324749,-100.0,11.688311688311682,inf,-44.285714285714285,-100.0,-0.7936507936507908,-100.0,30.35714285714286,-10.571428571428577,0.7142857142857117,34.2857142857143,2.0050125313283207,-29.323308270676694,-40.7563025210084,-4.761904761904756,-100.0,-12.244897959183676,-40.7563025210084,75.51020408163265,16.565349544072937,inf,-53.57142857142857,-14.158163265306111,-38.095238095238095,34.2857142857143,24.789915966386577,-10.71428571428571,inf,11.904761904761907,7.422969187675066
